vehicle_id,timestamp,engine_temp,vibration,oil_pressure,rpm,mileage,past_failures,driving_pattern,stress_index,failure_label,dtc_code
1035,2025-07-25 13:51:57.290007,67.58216513209314,2.1990982434858743,63.893748540193506,2602.049429328473,105706,2,highway,0.28826842478173226,1,P0300 - Multiple Misfires
1057,2025-07-25 16:53:57.290007,93.23601461363512,3.7116409775086487,62.83139205492339,2425.849804814631,123580,3,city,0.44946125014989247,1,P0300 - Multiple Misfires
1070,2025-07-26 06:23:57.290007,69.15344906346112,4.110809833754775,52.31140811079971,1722.2098622397111,55599,2,highway,0.46318563754710335,1,P0300 - Multiple Misfires
1002,2025-07-27 04:06:57.290007,91.71161822902465,3.7364246762624487,43.9370641819662,954.3154072690256,10454,1,highway,0.5515721760842812,0,OK
1025,2025-07-27 14:16:57.290007,92.62634376924193,4.042826559319025,59.96974837551238,3419.6966716028073,9042,1,city,0.4820649394572157,0,OK
1014,2025-07-28 08:01:57.290007,79.3441352503109,4.0553793476332185,50.59271053956117,3491.783611236714,57227,1,mixed,0.49796194756625806,0,OK
1032,2025-07-28 10:44:57.290007,80.14045173948745,3.8298399536233427,75.19039832493625,2118.85864632108,30216,3,city,0.35099015045022725,1,P0300 - Multiple Misfires
1008,2025-07-28 12:27:57.290007,103.48654019614858,2.2303100129268927,56.85318412387186,2801.1899160963553,140624,0,highway,0.4288510339081742,0,OK
1026,2025-07-28 18:58:57.290007,121.62105708937673,3.485801975588661,38.950958375180846,1765.6003096951617,26316,1,highway,0.6484310551410786,1,P0217 - Engine Overheat
1044,2025-07-28 22:08:57.290007,94.58356015964132,4.067686750934586,42.54589323297021,1694.2180458460389,78914,0,city,0.585681968645535,0,OK
1065,2025-07-29 00:12:57.290007,117.71643696693994,2.9097245166402175,46.08917520319093,2419.0689408969547,64754,3,highway,0.5659238247037844,1,P0217 - Engine Overheat
1054,2025-07-29 04:13:57.290007,101.1499946266582,4.463088998213032,54.57683195667197,2646.5095226596095,148687,3,mixed,0.5590503074377081,1,P0300 - Multiple Misfires
1071,2025-07-29 16:16:57.290007,86.81558740160823,1.1156433246437119,56.376125592126826,3663.500895209093,144707,2,mixed,0.3232672297506356,1,P0300 - Multiple Misfires
1008,2025-07-29 16:32:57.290007,100.31367657225098,6.1329244369298515,72.24266198552493,1395.909120194331,69427,1,mixed,0.5513523370549949,1,P0335 - Excessive Vibration
1000,2025-07-29 21:11:57.290007,98.80090470565325,3.120670080161671,41.36242389202983,2663.1973238106507,135193,2,city,0.5513596070134082,1,P0300 - Multiple Misfires
1064,2025-07-30 05:06:57.290007,97.35898488185286,4.308952899038996,69.18232941149373,2726.027741366854,90166,0,highway,0.4588149556656815,0,OK
1027,2025-07-30 12:58:57.290007,132.70360372745358,2.4422843519299455,35.994671911259076,1780.9592521220934,105649,1,city,0.6376665192875953,1,P0217 - Engine Overheat
1070,2025-07-31 07:04:57.290007,119.34028630676286,4.797754985259672,53.817144001250156,3379.7125123639753,109501,1,city,0.6323919389151555,1,P0217 - Engine Overheat
1076,2025-07-31 14:25:57.290007,91.85640276417736,3.3728685583480025,53.78869415911773,2799.350380166516,104352,3,mixed,0.47704551559139424,1,P0300 - Multiple Misfires
1085,2025-07-31 16:21:57.290007,97.26099209956914,1.402104558691326,53.062806193408555,2141.648063890633,84526,2,mixed,0.38660408579605154,1,P0300 - Multiple Misfires
1079,2025-07-31 20:45:57.290007,87.21604895541356,0.9825668976024708,56.06605787089022,1712.604857300787,8009,0,city,0.31870908657134034,0,OK
1047,2025-08-02 13:58:57.290007,91.31486138346679,2.9837579129908396,43.44386130398182,1660.238187605502,78290,1,city,0.5113952695425554,0,OK
1095,2025-08-02 17:26:57.290007,104.64134974838699,2.540172003086352,61.859787984009884,2514.4289800300767,112286,3,highway,0.42145892733915075,1,P0300 - Multiple Misfires
1092,2025-08-02 18:40:57.290007,100.38813156102724,3.6953752843517442,53.36060966580713,1971.66540754004,34092,3,mixed,0.5210400497679107,1,P0300 - Multiple Misfires
1069,2025-08-03 16:01:57.290007,89.2154384620614,4.583178597056256,61.075103514473255,2974.973057823001,25855,3,highway,0.4964688982617778,1,P0300 - Multiple Misfires
1034,2025-08-04 02:45:57.290007,87.81807659940397,2.761369187973931,49.61101487173278,2845.2916826258743,32564,2,highway,0.45506508504282506,1,P0300 - Multiple Misfires
1086,2025-08-04 08:43:57.290007,96.09902886432516,4.6870441117189765,49.41812973358709,2377.575684120832,120584,2,highway,0.5861212545320292,1,P0300 - Multiple Misfires
1023,2025-08-04 20:34:57.290007,102.05839921966228,2.38531463874002,60.77910342662533,3229.5851613985155,73111,2,highway,0.4116846809478112,1,P0300 - Multiple Misfires
1054,2025-08-04 21:18:57.290007,81.29448148044591,3.094375008787934,52.08360682771981,2172.0918426528547,133867,3,city,0.4417076888910138,1,P0300 - Multiple Misfires
1062,2025-08-05 00:03:57.290007,92.20527904115481,3.8361600462760412,66.59224185023392,2626.568703797364,12008,1,highway,0.4326222118505772,0,OK
1022,2025-08-05 00:12:57.290007,85.85310245444501,1.2132820517845055,62.64220380989959,2507.154310435682,39753,1,highway,0.29120648852871095,0,OK
1052,2025-08-05 08:04:57.290007,118.41241157624023,4.286969565554996,56.411898482901,3066.0705639997905,60468,1,city,0.5870222386709393,1,P0217 - Engine Overheat
1029,2025-08-05 13:39:57.290007,99.46351880910197,3.3939380909619614,65.40589844710412,1994.2174771700243,125592,1,mixed,0.4348068992614804,0,OK
1033,2025-08-05 21:10:57.290007,114.32080962432056,3.1809923332471763,60.38308973053961,2798.1936167626045,149670,2,mixed,0.4921513245227358,1,P0217 - Engine Overheat
1077,2025-08-06 01:12:57.290007,90.17558227585731,5.082593965481593,61.72007861396486,3191.9164023992885,51335,3,mixed,0.5232980676598874,1,P0300 - Multiple Misfires
1047,2025-08-06 02:37:57.290007,77.23659082151045,2.0149778417191024,53.51656425877541,1843.2396240373678,73312,0,mixed,0.3625083864953935,0,OK
1026,2025-08-06 18:40:57.290007,93.85705906129586,2.933039024446756,47.040000854317135,1495.7568460929679,54241,3,highway,0.495660660671102,1,P0300 - Multiple Misfires
1031,2025-08-06 22:23:57.290007,82.08006878570805,5.16444025394821,63.47584424138671,2354.7722325463405,12371,2,highway,0.4956032927274967,1,P0300 - Multiple Misfires
1096,2025-08-06 23:56:57.290007,68.91414492518362,3.834499201778118,57.99584517126756,1854.2393542840268,111244,1,highway,0.41559010727280793,0,OK
1057,2025-08-07 01:05:57.290007,84.66339557171908,3.7172143096473436,43.174823297586705,1611.83091235256,90959,1,highway,0.5351612088041459,0,OK
1014,2025-08-07 10:03:57.290007,90.75887907516805,3.255800164807572,62.07994708864888,3298.8567375426737,149341,3,highway,0.42143052276117143,1,P0300 - Multiple Misfires
1098,2025-08-07 11:25:57.290007,90.4429119202371,4.3487665026064235,53.69696338032447,3046.802023624486,54052,3,city,0.5278453200325463,1,P0300 - Multiple Misfires
1059,2025-08-08 02:07:57.290007,84.10037442841033,4.4551541169008235,50.31347472593812,1762.2200063850032,148326,2,city,0.5349347425404183,1,P0300 - Multiple Misfires
1038,2025-08-08 06:16:57.290007,101.33990521052338,3.7973096456808424,58.748846371996734,2759.53916826778,17748,2,mixed,0.4994122371670744,1,P0300 - Multiple Misfires
1014,2025-08-08 09:52:57.290007,81.66049606713528,4.707665449756247,58.02182129857309,2717.0356871206322,132581,3,highway,0.49936156240309465,1,P0300 - Multiple Misfires
1041,2025-08-08 11:29:57.290007,90.22014912771246,2.4625465992862536,59.14035020649817,2383.2866667735993,142854,0,highway,0.39219550194566993,0,OK
1043,2025-08-08 18:43:57.290007,103.31239191193055,2.548149525325376,64.00960069751312,2666.771623440847,39578,1,city,0.4062671695094773,0,OK
1001,2025-08-09 02:07:57.290007,110.90322861245997,4.957955233565691,54.942399633677304,2501.443517673112,85152,2,highway,0.61160426115672,1,P0217 - Engine Overheat
1051,2025-08-09 10:07:57.290007,94.96877998869178,2.420309297497653,51.16460206627255,2377.11558718541,35771,1,highway,0.44734933835027696,0,OK
1073,2025-08-09 19:16:57.290007,75.25068164581619,3.481683140557149,53.68466847630895,2678.199943008529,116362,2,highway,0.4375416875120591,1,P0300 - Multiple Misfires
1094,2025-08-10 00:20:57.290007,115.57432481832478,3.345534481132024,44.29832460865761,3320.6181200646124,11638,1,highway,0.5941343478434723,1,P0217 - Engine Overheat
1023,2025-08-10 10:54:57.290007,96.2211688758515,3.7309334408299946,51.74830223016511,2266.6772022462596,25884,1,city,0.5203978700892254,0,OK
1032,2025-08-10 11:22:57.290007,88.19369097424786,5.014636906580359,60.9419996942954,2011.4207318468757,104572,3,city,0.5183400825479562,1,P0300 - Multiple Misfires
1050,2025-08-10 12:03:57.290007,94.17450984278146,4.413594791779199,63.11935185964126,2901.260452929519,24053,2,highway,0.48946583877523037,1,P0300 - Multiple Misfires
1033,2025-08-10 22:58:57.290007,73.72867846021015,2.6274846844081283,39.11470274880548,2665.6713151931117,110686,0,highway,0.4668026851410049,1,P0524 - Low Oil Pressure
1045,2025-08-11 01:09:57.290007,86.20392724068031,4.996007212717178,57.11071203399114,2270.1532950044466,81436,0,highway,0.5330629095195599,0,OK
1061,2025-08-11 03:58:57.290007,101.85432704681554,6.012407576578319,47.26345405222344,2628.6888279925934,127672,1,city,0.687709917983153,1,P0335 - Excessive Vibration
1062,2025-08-11 17:13:57.290007,98.6287861308587,2.9727140557597798,57.408355810195616,2015.1247407411568,144379,1,mixed,0.4535176545157307,0,OK
1089,2025-08-12 02:22:57.290007,105.9120802172645,3.1435283626316695,53.77009942138224,2531.8705940546765,91133,0,mixed,0.5034512461864817,0,OK
1020,2025-08-12 16:22:57.290007,102.59145559741124,5.186639185804344,55.81488565103882,3219.490651537229,142207,1,highway,0.5963735222539458,0,OK
1046,2025-08-12 17:41:57.290007,100.27163309217765,5.175547393544486,51.71774851223202,3044.026753389899,67780,2,city,0.612075233162787,1,P0300 - Multiple Misfires
1061,2025-08-13 04:14:57.290007,88.24407594157199,3.1936465392286904,58.838299543873404,3293.849764392349,27553,2,city,0.4290011323288861,1,P0300 - Multiple Misfires
1049,2025-08-13 04:39:57.290007,76.32060835043836,3.031417068089984,50.58142661138125,3054.2606048394655,138248,3,highway,0.4327391569152099,1,P0300 - Multiple Misfires
1061,2025-08-13 07:11:57.290007,97.15300175397523,2.9760034265446436,42.922457925971564,3207.637786038271,37006,0,city,0.5300782067581249,0,OK
1096,2025-08-14 03:50:57.290007,116.84936452058427,2.2427887251424625,55.96917521479917,2879.4529273129433,36422,2,highway,0.4715744127606533,1,P0217 - Engine Overheat
1092,2025-08-14 05:25:57.290007,67.10384873016237,3.64596160971315,66.33635056758094,2393.7090138863973,140899,3,city,0.3537510549701764,1,P0300 - Multiple Misfires
1090,2025-08-14 14:48:57.290007,115.22777961702998,4.480484999520572,59.44974063198002,1910.784065836428,54420,0,city,0.5720499953985594,1,P0217 - Engine Overheat
1081,2025-08-15 22:24:57.290007,115.27628496030468,3.4359296998715023,60.134524241933526,2955.2388544780347,126585,0,highway,0.5103495290940768,1,P0217 - Engine Overheat
1024,2025-08-16 20:48:57.290007,86.39017776702701,3.5756722940472354,60.5822152080897,1807.8448054988085,110573,2,highway,0.43538664786608977,1,P0300 - Multiple Misfires
1055,2025-08-17 02:04:57.290007,101.03359077159685,4.040869222481346,58.93437065270464,2498.590999140607,100598,1,city,0.5110617608772625,0,OK
1057,2025-08-17 13:58:57.290007,94.5231331423259,4.171037012679806,53.08701044397633,2250.9851841527257,95477,0,city,0.5326940347443593,0,OK
1085,2025-08-18 14:10:57.290007,104.66231209737137,3.6284517375977527,49.34514292751843,1309.0557396017114,137886,1,highway,0.55150294720636,0,OK
1022,2025-08-18 14:48:57.290007,91.16531885217103,4.549654177860345,42.43205315460263,2988.056121042063,91700,1,city,0.6035952669449242,0,OK
1017,2025-08-18 17:47:57.290007,88.63390852474211,4.492460831494527,54.45697782341619,3414.1065800075744,91483,2,mixed,0.5265810264105563,1,P0300 - Multiple Misfires
1018,2025-08-18 22:16:57.290007,75.21101199278932,4.059159288903185,43.75396215477635,1190.8764069867514,140747,2,highway,0.5246840929480564,1,P0300 - Multiple Misfires
1060,2025-08-19 05:03:57.290007,94.05105502872378,3.3253621481900697,63.07252236837863,2018.2262725931514,58687,2,highway,0.42892570348824416,1,P0300 - Multiple Misfires
1020,2025-08-19 07:37:57.290007,85.88457390742028,3.006240057639544,56.21118150314566,3558.8634906762336,10368,1,highway,0.4266305890386662,0,OK
1089,2025-08-19 10:50:57.290007,85.05844677238726,3.376271663732827,54.77033127830217,3537.847443463669,62724,0,highway,0.45289782636233183,0,OK
1003,2025-08-20 02:10:57.290007,111.49171415814914,3.164604277226207,59.77819910045266,2744.820756999209,135976,2,mixed,0.48674278194935544,1,P0217 - Engine Overheat
1052,2025-08-20 12:43:57.290007,113.96279104820985,2.9600655404611493,58.28380675115565,2592.1363112996078,29042,1,city,0.49054580098644873,1,P0217 - Engine Overheat
1018,2025-08-20 13:55:57.290007,75.0890645793302,4.579543620811641,65.74299370359529,2013.5723905723253,78369,0,highway,0.43109430441214575,0,OK
1067,2025-08-20 17:05:57.290007,98.12318670041272,2.52104475389273,56.15274438085983,2502.3191162327994,26067,1,city,0.43399609171263237,0,OK
1061,2025-08-20 19:38:57.290007,115.75869385423803,2.8862031231571232,66.90181628526614,3235.5271522355742,20989,0,mixed,0.4435531215190229,1,P0217 - Engine Overheat
1011,2025-08-21 01:28:57.290007,86.81203244171007,3.985962282927271,59.3717101131813,1970.6899084450074,126136,0,mixed,0.4660773829830358,0,OK
1025,2025-08-21 03:51:57.290007,93.03839195957352,2.436890963350536,60.27225079097923,2166.2790052317996,62221,1,city,0.3923103045684049,0,OK
1007,2025-08-21 15:51:57.290007,98.11061622011913,4.355108632154688,52.41740429002713,2747.404620089558,99913,0,city,0.5566055007865518,0,OK
1063,2025-08-22 01:09:57.290007,109.38133943398023,2.079015438927221,56.19677982458843,1762.9313676239685,75021,0,city,0.4404669126759661,0,OK
1011,2025-08-22 14:48:57.290007,69.54132870333419,2.375707405794169,65.09547101385228,1646.798330588304,88136,1,highway,0.29684592997642506,0,OK
1001,2025-08-22 16:16:57.290007,106.42752153244652,3.4367108788610365,59.400760456221555,1856.0580709337196,94424,1,city,0.48988949499228934,0,OK
1070,2025-08-22 22:00:57.290007,75.42199014339002,3.8533928375969078,55.50543382045213,2162.5106279384013,31206,1,mixed,0.4485527201511776,0,OK
1005,2025-08-22 22:11:57.290007,69.01225725915052,4.780734458560395,62.99463768991803,2488.524547119197,65197,2,highway,0.44066019736256207,1,P0300 - Multiple Misfires
1031,2025-08-23 04:07:57.290007,100.01847935305443,4.7221233023730536,58.12475124959389,2789.537274183059,115634,3,mixed,0.550587341392577,1,P0300 - Multiple Misfires
1040,2025-08-24 02:05:57.290007,104.26258394042519,4.44032162054088,69.70085386451768,2553.754675225761,46938,1,city,0.4824091906172428,0,OK
1088,2025-08-24 03:18:57.290007,102.57549539912202,2.5133610153604335,53.61174536771987,2130.7700588009407,36831,3,city,0.46005340269691936,1,P0300 - Multiple Misfires
1005,2025-08-24 19:15:57.290007,110.23012619051755,3.840117706404645,57.412953983628775,2222.4489473898693,84211,3,mixed,0.5339071454204247,1,P0217 - Engine Overheat
1087,2025-08-25 13:06:57.290007,106.64358664712073,2.426532322260548,63.78273888710618,1849.1947426669171,145489,0,highway,0.41002432032810926,0,OK
1012,2025-08-25 13:25:57.290007,90.67767686468063,4.289134025146678,33.38531892680447,2477.590558890076,70911,0,highway,0.6380269986500147,1,P0524 - Low Oil Pressure
1006,2025-08-25 20:48:57.290007,88.65605595995406,2.9974005393937677,47.741919625911024,2232.94027041669,88291,0,city,0.48088952082224273,0,OK
1059,2025-08-26 04:45:57.290007,85.10037947681018,3.853207394507843,59.72886890830834,1758.4670008261446,93774,1,city,0.45196330430652876,0,OK
1058,2025-08-26 15:25:57.290007,85.4055329452078,2.9737054687730264,58.36436087382496,1984.2094816011006,19859,0,highway,0.41153033492505114,0,OK
1014,2025-08-26 17:02:57.290007,95.12027962690705,2.806131679191982,70.72273169377668,2910.123220278741,139066,0,highway,0.36054847173109256,0,OK
1068,2025-08-26 17:19:57.290007,110.92171304050389,3.0265419063676404,47.79482305417859,2635.55859867959,53291,2,highway,0.5440636251652764,1,P0217 - Engine Overheat
1091,2025-08-27 07:08:57.290007,100.06415792848362,2.9843359661577886,59.92024155017855,2159.574415510156,9926,2,mixed,0.4441955393091175,1,P0300 - Multiple Misfires
1079,2025-08-27 08:39:57.290007,71.97590291561819,3.331203213297855,46.34106128982114,2748.859511278568,86780,1,mixed,0.4608829016720361,0,OK
1047,2025-08-27 17:31:57.290007,96.10166929496808,3.2390877338828696,61.31170684187518,2571.206904265951,59786,0,city,0.43961113969131976,0,OK
1060,2025-08-28 04:15:57.290007,67.47228391959698,4.2688973632244736,37.853061406901126,2422.980352513455,59745,0,mixed,0.5476225232507894,1,P0524 - Low Oil Pressure
1078,2025-08-28 12:18:57.290007,96.96172975000944,3.331099219692562,49.00150874266833,2829.21836808038,125589,3,mixed,0.5155019351625667,1,P0300 - Multiple Misfires
1077,2025-08-28 16:56:57.290007,113.4513387208885,3.0156390557276445,52.513964225753604,3293.85908404114,24229,1,city,0.524267198288706,1,P0217 - Engine Overheat
1020,2025-08-29 09:55:57.290007,110.69583964568126,2.2497535018796806,69.40526903970853,2051.749891669182,71125,2,city,0.38022325445516064,1,P0217 - Engine Overheat
1026,2025-08-29 11:46:57.290007,72.78871570525678,2.73853783458105,45.90286895571022,2938.9691136168244,137681,0,highway,0.4326492624596037,0,OK
1023,2025-08-30 04:40:57.290007,86.7641710922106,2.79700253973016,43.837330189977635,1176.3411010080408,107171,0,city,0.4861932264079403,0,OK
1091,2025-08-30 05:27:57.290007,107.90099385243155,3.5811002440400217,42.693040008255174,1926.0443848270443,14460,1,highway,0.5948247742131156,0,OK
1027,2025-08-30 11:09:57.290007,103.37284553779345,2.957531933293804,60.50373561692827,3059.626432909471,46198,1,mixed,0.4486555915828139,0,OK
1053,2025-08-30 21:44:57.290007,95.31346917847671,4.980568055541888,60.8989850820866,3437.4688608417205,92592,3,highway,0.5364635003476146,1,P0300 - Multiple Misfires
1036,2025-08-30 22:18:57.290007,88.91200669533745,3.1543904853033014,65.6852471771565,2850.1668865197084,39782,0,highway,0.39063700568636245,0,OK
1079,2025-08-30 23:27:57.290007,89.91153701600601,3.1831782387082024,62.44204924993561,2422.940061129743,145347,2,highway,0.41303056469527455,1,P0300 - Multiple Misfires
1064,2025-08-31 02:51:57.290007,94.63861439479881,4.2103324962386255,60.824390899438725,1163.5808912016516,29704,1,highway,0.4922124514463719,0,OK
1014,2025-08-31 08:42:57.290007,94.19379703205699,5.4363893025689105,65.60771739428186,2745.203318469351,149403,2,highway,0.5325170785968653,1,P0335 - Excessive Vibration
1086,2025-08-31 12:15:57.290007,100.73064459350775,3.800155584995726,71.00294009206465,1169.7910070625303,40733,3,city,0.4297996558591472,1,P0300 - Multiple Misfires
1074,2025-08-31 16:46:57.290007,91.99617545920407,3.432608764281806,43.307550581993475,2506.5427851840223,136763,2,highway,0.5389812488357034,1,P0300 - Multiple Misfires
1020,2025-09-01 15:11:57.290007,87.07151302091438,2.6418944552318067,48.939602310085746,1155.5544241411262,137659,0,city,0.4500838819593862,0,OK
1084,2025-09-02 01:30:57.290007,94.10175936878184,4.82634219798722,55.29499843349077,2127.755032297003,72789,1,highway,0.5556627957265131,0,OK
1095,2025-09-02 04:17:57.290007,93.33364895366394,2.770545303890261,51.93533269157949,1507.659679352254,117138,2,highway,0.4579830268008616,1,P0300 - Multiple Misfires
1056,2025-09-02 15:49:57.290007,76.88693703911885,3.7932621032467972,60.17037895522858,2248.8730152619637,39754,3,city,0.4233650588711046,1,P0300 - Multiple Misfires
1066,2025-09-02 22:14:57.290007,126.55055157560327,2.6813833203954234,69.73983235653769,2282.2034663847767,149282,3,mixed,0.4463848701956565,1,P0217 - Engine Overheat
1096,2025-09-04 08:49:57.290007,88.43485643135479,3.3801274525771268,60.29596453650644,2548.699786124414,64222,3,city,0.4317929900274568,1,P0300 - Multiple Misfires
1017,2025-09-04 17:52:57.290007,100.7872626884353,3.8611447703468684,59.826288269390375,2406.1031410336323,134036,3,mixed,0.4954377265460886,1,P0300 - Multiple Misfires
1007,2025-09-04 18:13:57.290007,98.62034161935249,3.5068030983927714,65.82272939754618,1398.936747658423,94745,1,mixed,0.4364192910892098,0,OK
1031,2025-09-04 20:15:57.290007,109.05896632259012,1.9343281269717827,58.64494895619631,2136.3128758897133,50865,2,city,0.4179323081934255,1,P0300 - Multiple Misfires
1051,2025-09-05 05:18:57.290007,84.25388717425882,3.8824414178192983,38.066689912824,1950.8723192275572,148277,1,highway,0.5715814880694354,1,P0524 - Low Oil Pressure
1067,2025-09-05 15:58:57.290007,100.18631181758485,3.4836012237442118,48.08039478695339,1898.2932711076219,11364,3,mixed,0.5380487408848953,1,P0300 - Multiple Misfires
1001,2025-09-05 23:07:57.290007,96.75497609382627,2.4287458503072745,71.41732918407459,1163.204726435315,133652,1,city,0.34026454092172936,0,OK
1091,2025-09-06 15:44:57.290007,114.49258470320254,2.8965777012402776,59.373562590127,2000.4879550596456,140758,2,highway,0.4824361487437614,1,P0217 - Engine Overheat
1005,2025-09-07 00:10:57.290007,111.6597524172057,3.3971644797756007,57.6193581732079,4273.138138455627,81173,1,city,0.5121231268508387,1,P0217 - Engine Overheat
1098,2025-09-07 12:41:57.290007,87.88606475144613,3.4217293361965853,58.78698003220768,3078.590083881127,76117,3,mixed,0.44096303169711804,1,P0300 - Multiple Misfires
1070,2025-09-07 15:14:57.290007,113.82450813213116,3.8037803094905054,58.05803951315935,2781.2288152933615,116023,3,city,0.5382889869322849,1,P0217 - Engine Overheat
1000,2025-09-07 20:04:57.290007,102.41634453180345,5.328593613064998,49.63331170613204,2495.9789134642892,82853,0,city,0.638115537168998,1,P0335 - Excessive Vibration
1050,2025-09-08 06:09:57.290007,93.488732324638,2.821470664635257,53.02952195706554,2878.5617099998526,91005,2,mixed,0.45516417139781123,1,P0300 - Multiple Misfires
1013,2025-09-08 06:36:57.290007,109.7330271178316,2.298969833923075,57.377018816955236,2217.744131088135,12493,3,mixed,0.4471066282288407,1,P0300 - Multiple Misfires
1059,2025-09-08 13:29:57.290007,101.2168033261411,5.063735616049799,34.81210023833698,3343.3452999117917,83672,3,city,0.702409208806842,1,P0524 - Low Oil Pressure
1016,2025-09-08 21:50:57.290007,90.67382939931332,4.3847510547633135,68.6164412321274,2336.1486719982067,62062,3,highway,0.4475999111953466,1,P0300 - Multiple Misfires
1000,2025-09-09 02:03:57.290007,83.31500422450308,3.2774581640856018,69.95692264403614,1545.2498161613448,131299,3,mixed,0.3581953394948412,1,P0300 - Multiple Misfires
1000,2025-09-09 12:04:57.290007,91.75280130003956,3.9837727409518453,61.585831026774585,1896.6352487518186,121590,2,city,0.46737942795979803,1,P0300 - Multiple Misfires
1027,2025-09-09 22:54:57.290007,79.25264737593297,1.0475930765677375,45.184995723889685,1608.4068517321423,143261,3,highway,0.3606514373875232,1,P0300 - Multiple Misfires
1004,2025-09-10 09:25:57.290007,96.69243986987077,5.518966111119863,60.03759882170067,1481.2631620899735,40739,0,city,0.5749904568024075,1,P0335 - Excessive Vibration
1007,2025-09-10 09:53:57.290007,96.79012712413923,3.00802663086088,64.9524311668975,1643.0105364964406,75442,1,mixed,0.4084605483543384,0,OK
1042,2025-09-10 10:27:57.290007,109.47112169139905,1.6943945270932337,47.1795029962185,2005.9891259339333,117470,0,highway,0.4694444617800742,0,OK
1078,2025-09-10 11:00:57.290007,99.1091331826553,2.9815971005844784,55.17105768883765,2768.415388355088,96128,1,highway,0.4677748883796377,0,OK
1032,2025-09-11 17:55:57.290007,77.75399887109249,2.274066635015797,50.164067129759616,2342.3835568083878,5287,0,mixed,0.39696443697747,0,OK
1062,2025-09-12 00:53:57.290007,86.55563009560873,3.0356796555025336,58.139721129012706,3454.5502633390033,101143,0,city,0.41941605818787214,0,OK
1029,2025-09-12 03:48:57.290007,95.58864091129229,4.058769784560627,49.697721588066116,2051.5056282920987,141645,2,highway,0.548246092851035,1,P0300 - Multiple Misfires
1004,2025-09-12 12:56:57.290007,115.58907209607494,5.673738373468239,69.16876719448443,3353.4986515487562,48856,3,city,0.5853508477124191,1,P0217 - Engine Overheat
1062,2025-09-12 22:39:57.290007,122.69350033995282,2.909521931455625,51.25453766952764,1434.113127781988,83270,2,city,0.551041287861139,1,P0217 - Engine Overheat
1015,2025-09-14 01:18:57.290007,104.03242578287153,3.2179810692369646,63.825045648557925,3295.2107216166332,30491,2,highway,0.4465054329735972,1,P0300 - Multiple Misfires
1071,2025-09-14 03:43:57.290007,101.04114899122253,3.282269015511553,61.148136913196446,3303.2493603050775,98474,2,city,0.4566395985418352,1,P0300 - Multiple Misfires
1034,2025-09-14 05:59:57.290007,94.38045833249276,4.295438252669288,61.79268360360697,2350.99738148881,55258,2,highway,0.490844044940735,1,P0300 - Multiple Misfires
1007,2025-09-14 08:14:57.290007,96.44270760121056,4.5855936764081715,78.3868449385527,3103.8195202954244,53803,3,city,0.42050247570074606,1,P0300 - Multiple Misfires
1044,2025-09-15 15:48:57.290007,111.8545204881305,3.3955186536231334,41.4305674584353,3123.931161742065,8164,1,city,0.6025104406770071,1,P0217 - Engine Overheat
1013,2025-09-15 17:48:57.290007,89.59878639571731,4.035173471049099,57.398807614165975,2159.358799846147,50256,2,mixed,0.4875128905232426,1,P0300 - Multiple Misfires
1008,2025-09-15 18:53:57.290007,98.8698885880738,3.966725467592104,61.471143360848075,2888.501689999411,14290,3,highway,0.48683919782838814,1,P0300 - Multiple Misfires
1055,2025-09-15 19:18:57.290007,100.72404463274088,4.367846943031296,48.242268305951235,2455.8479235236678,27692,2,highway,0.5877679080040676,1,P0300 - Multiple Misfires
1019,2025-09-15 19:48:57.290007,71.31035061996936,5.027723619523765,41.999712246024735,3244.5158745230233,44560,0,city,0.5774038847733199,0,OK
1072,2025-09-16 09:54:57.290007,90.05224257518165,1.1958976602427134,54.101168868236954,2338.8819633806056,140693,3,highway,0.3493551612321167,1,P0300 - Multiple Misfires
1032,2025-09-16 13:33:57.290007,75.8274569627191,3.6139196281007697,65.797916236405,3523.812374145274,141269,1,highway,0.3791944918109013,0,OK
1019,2025-09-16 21:39:57.290007,103.54725787407054,4.087929742734391,55.43136340244624,2381.6525882979195,33992,1,mixed,0.5401197942329609,0,OK
1010,2025-09-16 22:43:57.290007,91.14052236744844,3.8744363259545733,39.89740128599718,2106.972107242199,116426,1,mixed,0.5800956842070709,1,P0524 - Low Oil Pressure
1089,2025-09-17 08:41:57.290007,84.27358820594227,4.228469912472934,64.19538748801018,1597.1045588261263,119527,2,city,0.44570058744272384,1,P0300 - Multiple Misfires
1040,2025-09-17 17:06:57.290007,96.381821588295,4.4267209977715245,47.41244101795091,2549.3574571899962,122229,1,city,0.5835871097439546,0,OK
1098,2025-09-17 17:41:57.290007,93.27785186773507,3.137262086515552,63.85592330382802,2106.6900943543383,94312,0,mixed,0.41197568608441687,0,OK
1092,2025-09-18 06:18:57.290007,106.0751861865129,2.9471649653788203,48.658445742511375,1787.135626404845,49331,3,mixed,0.5213933166918515,1,P0300 - Multiple Misfires
1003,2025-09-18 12:16:57.290007,102.47067600011098,0.6937828905014567,48.32931853248158,1995.915886409526,114708,2,highway,0.38802137984771373,1,P0300 - Multiple Misfires
1089,2025-09-18 22:26:57.290007,101.07127803840469,3.2315317297083546,61.14674359588917,2312.378036554921,39785,2,city,0.45391229289109297,1,P0300 - Multiple Misfires
1039,2025-09-19 05:37:57.290007,100.1977372307829,2.186242186313967,47.593446534819364,2128.4629984791823,102137,0,mixed,0.46871024413173196,0,OK
1079,2025-09-19 12:32:57.290007,115.0673508330422,4.329962173071372,49.74952487015787,2812.960040430508,65380,0,city,0.6171320682059831,1,P0217 - Engine Overheat
1038,2025-09-19 18:23:57.290007,78.05646828146898,3.8695776026874853,60.13000314662711,2834.6462828601175,63829,0,mixed,0.4310778167832347,0,OK
1016,2025-09-19 20:27:57.290007,103.78814065305974,2.424735411773665,61.22363818234204,2251.949602740675,35791,3,city,0.4162099236773582,1,P0300 - Multiple Misfires
1080,2025-09-20 04:26:57.290007,89.58793963844087,3.5351478814245088,49.19893525186911,1986.3133051298573,139794,0,city,0.5052584076755356,0,OK
1000,2025-09-20 09:41:57.290007,96.32588646439362,2.876394565070793,48.168482332898456,3307.2096000034335,146842,1,mixed,0.493102258611146,0,OK
1096,2025-09-20 10:27:57.290007,92.23159504165426,4.417545206664121,51.02956215235773,2478.2724672532063,84267,2,mixed,0.5514538190839479,1,P0300 - Multiple Misfires
1046,2025-09-21 10:04:57.290007,85.87519910800033,3.492270777745262,58.488655641018,2574.686584941624,105211,1,mixed,0.44095362050241543,0,OK
1085,2025-09-21 23:44:57.290007,69.11623226360392,3.6828069092053366,58.294290328366934,2565.132773254698,108754,3,city,0.40606608275271333,1,P0300 - Multiple Misfires
1065,2025-09-22 03:19:57.290007,67.73736900288878,4.260772749670613,60.19969252923109,2416.6817494439642,10594,2,city,0.42375955260510795,1,P0300 - Multiple Misfires
1087,2025-09-22 13:59:57.290007,95.75798551168609,5.514878561124213,63.43733049634549,2492.064585572563,127035,1,mixed,0.5532802659485538,1,P0335 - Excessive Vibration
1080,2025-09-23 20:17:57.290007,86.93012632243659,2.9165876441318703,54.41573216144958,2239.857867503241,118002,3,highway,0.4345289302282634,1,P0300 - Multiple Misfires
1053,2025-09-23 22:18:57.290007,90.05513053179453,2.3592205913141093,55.05183587376573,2481.2414894901667,147157,1,highway,0.4087107516959591,0,OK
1013,2025-09-24 04:04:57.290007,106.88424093245008,2.803060254919428,66.58289148861395,3174.2260507549354,90016,1,mixed,0.4160546195933632,0,OK
1057,2025-09-24 15:03:57.290007,88.02517792300601,3.929331021819902,62.15662143395005,2457.0939136094785,86326,2,city,0.4508293208097332,1,P0300 - Multiple Misfires
1050,2025-09-24 23:28:57.290007,95.69354702702263,3.7436325000073736,58.26125002899958,2327.4229137679667,128805,1,city,0.4834547138032526,0,OK
1041,2025-09-25 04:02:57.290007,86.23181643435463,4.5199245795969745,50.99294846958336,2159.3014766332935,55519,1,mixed,0.540678919686465,0,OK
1056,2025-09-25 04:23:57.290007,87.7773534655852,3.3900622846298165,61.862196855961294,1669.2458239409325,8178,1,city,0.42181723735071924,0,OK
1086,2025-09-25 08:22:57.290007,93.77821109564516,3.611172160289536,74.63122676754857,2854.4360813864337,136936,2,highway,0.3798311132398298,1,P0300 - Multiple Misfires
1081,2025-09-25 19:27:57.290007,119.95935108428627,1.9784723466076874,53.56391629806791,1937.3895489808501,105667,0,highway,0.4788915706119561,1,P0217 - Engine Overheat
1085,2025-09-26 01:02:57.290007,78.34464727320153,3.025226354516292,65.99626763753044,3076.6272049169274,45542,0,city,0.3523795530235181,0,OK
1069,2025-09-26 02:08:57.290007,82.87287095952071,1.6851269556257755,51.20656674736284,2163.022682102058,123920,2,highway,0.3726729904925293,1,P0300 - Multiple Misfires
1047,2025-09-26 09:32:57.290007,105.226001459022,4.475051095303469,48.06704313068694,2559.715348912362,45475,0,city,0.6072026030658819,0,OK
1023,2025-09-26 09:37:57.290007,87.92025691502667,2.6088669913985134,55.658639093736696,2157.237512932114,15589,2,mixed,0.41327866265423213,1,P0300 - Multiple Misfires
1058,2025-09-26 13:37:57.290007,105.49801325922958,6.043667895301528,55.86156004517426,1998.314624946514,65410,2,mixed,0.65180069743031,1,P0335 - Excessive Vibration
1031,2025-09-26 18:49:57.290007,113.7041589210678,4.108638829873994,53.23542026015328,2187.037529140631,71630,2,highway,0.5816835972173364,1,P0217 - Engine Overheat
1060,2025-09-27 05:24:57.290007,97.46032024474255,5.380435146402655,59.85142410952057,2686.410383841884,112573,1,city,0.5704615970937625,1,P0335 - Excessive Vibration
1058,2025-09-27 09:38:57.290007,86.3976053557089,2.715964125006026,66.88694620414147,2962.933198593439,120657,0,highway,0.3526194317987403,0,OK
1012,2025-09-29 19:41:57.290007,101.10401899504564,4.246259707466592,47.84373848690889,3396.02549369009,110058,3,city,0.584282600473777,1,P0300 - Multiple Misfires
1014,2025-09-29 20:23:57.290007,106.37812190434761,2.1194566547525904,54.87478350702265,2613.5336265325914,101758,0,city,0.4417157999593169,0,OK
1011,2025-09-30 06:11:57.290007,86.88816472430723,3.606178767822212,52.13112544433966,1752.0965077268886,46777,3,highway,0.485415247755756,1,P0300 - Multiple Misfires
1075,2025-09-30 11:18:57.290007,93.52383291971708,3.310197480252579,32.44055254397263,1976.9775119162034,74639,0,city,0.5967963262133984,1,P0524 - Low Oil Pressure
1059,2025-10-01 03:50:57.290007,94.66795198886886,3.6874198805234366,55.74032492394898,2665.9639788038435,89719,0,city,0.4914880548651101,0,OK
1057,2025-10-01 05:15:57.290007,100.49044815377876,2.6618036859904812,54.06696054079684,1647.7799220610677,74590,3,city,0.45997944664442975,1,P0300 - Multiple Misfires
1006,2025-10-01 13:50:57.290007,92.8927843914676,4.053272688950949,61.868105227579974,2374.679163412774,80139,3,highway,0.47283896587590735,1,P0300 - Multiple Misfires
1099,2025-10-01 23:42:57.290007,101.63028902310062,6.12508633962166,64.6210184083813,2016.6830832333762,77373,2,highway,0.59691660832992,1,P0335 - Excessive Vibration
1014,2025-10-02 02:27:57.290007,77.3298994635079,3.8388651570517425,58.41196655135751,2570.5946697115387,93020,1,city,0.4368979708384104,0,OK
1046,2025-10-02 11:43:57.290007,97.00123543515821,3.959497306070692,58.46381346182185,3851.8750398062775,40699,0,city,0.4979543184248009,0,OK
1051,2025-10-03 06:08:57.290007,85.62775484882131,6.754647293154127,40.38020516757608,2282.592864673829,57975,0,highway,0.7221119177131992,1,P0335 - Excessive Vibration
1043,2025-10-03 06:22:57.290007,76.47754625797864,2.123308459361918,48.568183410874106,2614.4530297305714,146355,0,city,0.39390930173185773,0,OK
1041,2025-10-03 10:26:57.290007,91.36362030802366,4.281799311312912,73.31157991770566,3869.6758793748604,120700,3,mixed,0.4177123519413071,1,P0300 - Multiple Misfires
1000,2025-10-03 12:10:57.290007,100.92059960493827,3.68158684594879,62.624193177161885,2600.2074359672383,95071,1,city,0.4702887504710842,0,OK
1044,2025-10-04 16:26:57.290007,93.51452494626896,2.978098185816845,68.59705933315398,3565.600874496902,94524,2,city,0.3774510277674941,1,P0300 - Multiple Misfires
1011,2025-10-04 18:18:57.290007,88.19845792344681,3.010905214081093,51.080398758715724,2850.1721460485687,125243,2,highway,0.4618215685767701,1,P0300 - Multiple Misfires
1085,2025-10-04 21:27:57.290007,87.28402131822946,5.591284902424585,53.78240015713867,2400.8771005148897,88793,0,highway,0.5876247751456772,1,P0335 - Excessive Vibration
1000,2025-10-04 21:51:57.290007,97.92757185535093,1.644162229049676,59.555314135208285,3308.8692277164923,101622,0,mixed,0.3658338560164663,0,OK
1091,2025-10-05 05:37:57.290007,83.93080776786225,3.9649808297410822,54.675853199713664,2471.7015127588093,14615,1,highway,0.4829964387868238,0,OK
1015,2025-10-05 07:56:57.290007,107.02342721350121,4.596753426799941,59.491216398781944,2181.7733705474716,140705,1,highway,0.5554890637553782,0,OK
1047,2025-10-05 09:35:57.290007,99.5355375192425,1.9512370778767212,47.61179686585016,2330.4647631833204,114863,0,mixed,0.45371301484743504,0,OK
1037,2025-10-05 20:18:57.290007,93.703547602529,3.7323602776838665,43.08679906590723,1288.6037405905436,98076,1,highway,0.5616032084010886,0,OK
1045,2025-10-06 02:27:57.290007,106.22285793679552,2.4038769752619316,51.79152919900491,2459.4759216927823,71471,3,city,0.4742148306778453,1,P0300 - Multiple Misfires
1061,2025-10-06 03:47:57.290007,81.67954273890257,4.542019483162937,54.02636836465706,3732.0112406539583,57003,2,mixed,0.5124088768690199,1,P0300 - Multiple Misfires
1041,2025-10-06 20:10:57.290007,90.55392437972577,2.255541600162166,54.561530920660175,3287.234165680735,61396,0,highway,0.40706026261569095,0,OK
1043,2025-10-07 14:53:57.290007,95.39632451558957,3.4589845789965366,59.7859949970396,3068.016303566363,141949,3,city,0.45834451694844747,1,P0300 - Multiple Misfires
1088,2025-10-08 05:25:57.290007,108.57503348477286,2.8616561398569975,49.00634433828593,2575.056865520128,34227,1,city,0.5216540766815027,0,OK
1034,2025-10-08 06:17:57.290007,87.51355764787856,4.93854248451229,60.02972688640244,2717.9284178319867,26438,3,city,0.517291537681443,1,P0300 - Multiple Misfires
1054,2025-10-08 19:45:57.290007,79.26534787789862,4.59027450634426,53.64440610013306,2029.2645187605717,147867,0,city,0.5105056272347713,0,OK
1059,2025-10-08 19:48:57.290007,91.70303005790699,2.1886272749123474,57.733831317923475,2145.0087759740104,114430,1,highway,0.38891086922307494,0,OK
1031,2025-10-08 23:40:57.290007,107.34605954495373,4.807578810759983,58.897315521761534,2502.8771047359583,69140,0,mixed,0.571397235323973,0,OK
1051,2025-10-09 03:29:57.290007,91.11972545256549,2.644488642021747,62.850513023990246,2584.956504337495,122192,2,city,0.384190200680611,1,P0300 - Multiple Misfires
1099,2025-10-09 10:31:57.290007,108.00301880890758,2.3345573297799804,39.279195405171286,2351.1367314343324,118985,1,highway,0.5448215960949017,1,P0524 - Low Oil Pressure
1076,2025-10-09 21:41:57.290007,99.56056956150832,3.0711570643695625,50.41930668922945,3524.3504526180213,33202,1,highway,0.5004030485290019,0,OK
1021,2025-10-09 23:17:57.290007,97.94880779505624,4.153711880256194,68.07356213261741,2336.8578191512393,80986,2,highway,0.4579886698192925,1,P0300 - Multiple Misfires
1088,2025-10-10 20:24:57.290007,101.04578834707466,2.66225201840624,51.46425442196633,3203.0182388678313,46247,2,city,0.4760064440868523,1,P0300 - Multiple Misfires
1022,2025-10-11 06:25:57.290007,81.85659857484205,4.932170143524633,48.06863510841156,1587.431967338711,108306,0,mixed,0.5676742534125322,0,OK
1043,2025-10-11 08:34:57.290007,104.2358930161475,3.040908936445414,59.230144846332585,3074.7752994695174,98846,0,city,0.462760505701085,0,OK
1016,2025-10-12 07:45:57.290007,105.25352752153633,3.6314584007812205,45.71303632222789,2764.3472722100437,85165,0,highway,0.5734906191464026,0,OK
1072,2025-10-12 10:20:57.290007,76.46642607672239,2.4046544361430833,57.8463437994213,1916.9655645939579,48461,1,city,0.35796340889094846,0,OK
1003,2025-10-13 08:59:57.290007,110.30773379150929,4.928031485234788,65.7089738751236,3129.192944806847,74443,1,city,0.5484733770721052,1,P0217 - Engine Overheat
1098,2025-10-13 21:08:57.290007,95.72034806902414,2.9192222114960282,45.35390297235569,1919.1246175621632,38783,3,mixed,0.5094360732062037,1,P0300 - Multiple Misfires
1021,2025-10-14 00:21:57.290007,106.40955560403378,4.8301830863062145,59.64042598758514,3142.942764387859,72708,3,mixed,0.5659232370971883,1,P0300 - Multiple Misfires
1015,2025-10-14 05:18:57.290007,104.51667656788915,2.4514758867948068,57.087112517456774,3233.9784411625214,99108,1,highway,0.44269991463575487,0,OK
1061,2025-10-14 14:40:57.290007,97.08822267944724,3.5187803043164494,67.76487858408758,2909.406547965932,62514,0,city,0.42203908777111404,0,OK
1029,2025-10-15 07:17:57.290007,113.2540656531769,2.571020045677375,60.607405723496825,2296.0073074496713,141132,1,highway,0.45405459755480765,1,P0217 - Engine Overheat
1063,2025-10-15 19:09:57.290007,76.24814257680706,5.057968849152925,51.52283928167844,2035.2309316288893,85077,2,mixed,0.5398940027680795,1,P0300 - Multiple Misfires
1083,2025-10-15 19:26:57.290007,130.3545539199587,5.7708652810355465,52.11974308276111,3425.6316399346215,23019,0,city,0.726478814930965,1,P0217 - Engine Overheat
1064,2025-10-16 03:59:57.290007,75.73347912030704,5.855580258568206,52.371720732298144,4050.0643197484533,98078,0,mixed,0.5780601189640969,1,P0335 - Excessive Vibration
1008,2025-10-16 12:15:57.290007,99.6848281269952,3.569779213498798,59.20782046734094,2092.555747704182,108119,2,mixed,0.4796243651730258,1,P0300 - Multiple Misfires
1039,2025-10-16 20:27:57.290007,80.33314643509323,4.286090640741111,54.609523295157054,1636.623159225609,27337,0,mixed,0.49121086849889256,0,OK
1029,2025-10-17 08:49:57.290007,98.62800490116001,3.5790000836110623,58.72467213232826,2649.0390569615906,93422,0,highway,0.479885173079791,0,OK
1032,2025-10-17 10:43:57.290007,82.21323530161969,5.13265249769713,42.58098030731951,3020.3550858513345,89726,1,highway,0.6102897906692313,0,OK
1034,2025-10-18 00:40:57.290007,89.26783824926952,2.1033711442117724,48.41312636337262,3593.8854625461145,100632,1,city,0.42919169001877694,0,OK
1096,2025-10-18 12:48:57.290007,91.955039830069,4.24656009568107,56.93549095578857,2560.1472458936364,46743,2,city,0.5083757217558702,1,P0300 - Multiple Misfires
1048,2025-10-18 17:52:57.290007,86.49048338117704,4.618015654576141,64.90057637987294,3223.2701079434228,12697,2,city,0.46958234364709434,1,P0300 - Multiple Misfires
1083,2025-10-18 23:02:57.290007,80.71221713385559,2.1570956017303917,62.68110805183797,2752.171374710025,112340,0,mixed,0.32914420295774305,0,OK
1003,2025-10-18 23:03:57.290007,90.62957019814475,2.688786786144452,58.59687224057464,2063.035778977102,55772,1,highway,0.4089210039996792,0,OK
1092,2025-10-19 01:06:57.290007,95.57124262177221,2.879154780717357,64.88569391439071,1106.0395820203273,36417,3,city,0.3982859733537165,1,P0300 - Multiple Misfires
1089,2025-10-20 10:06:57.290007,87.45285330573569,2.5691188058065957,69.5067296419644,2909.7810010559206,5320,1,mixed,0.33283825038316334,0,OK
1095,2025-10-20 12:27:57.290007,79.28027410061128,3.004141589263187,64.70705119923994,1292.652218805503,51418,0,city,0.3609694541316532,0,OK
1048,2025-10-21 00:13:57.290007,94.3656805485044,3.4213823614585146,62.14071613691482,1876.993152697869,22241,0,city,0.4403108208440141,0,OK
1031,2025-10-21 01:10:57.290007,73.13714320817175,3.8046618286980816,48.99099154458844,3021.508382920571,109940,2,city,0.4756899908137681,1,P0300 - Multiple Misfires
1049,2025-10-21 19:42:57.290007,93.94834090620228,3.530495504753598,60.61059309638995,2034.6696373137968,19389,3,highway,0.45371406891248434,1,P0300 - Multiple Misfires
1086,2025-10-22 08:20:57.290007,73.65643000148236,5.061906424766106,59.0997321295231,2820.7753960513396,52315,3,mixed,0.4908197062159953,1,P0300 - Multiple Misfires
1032,2025-10-22 19:07:57.290007,120.38906866299986,2.822524343002837,48.86410711891423,3071.3289721790393,122509,0,city,0.5530870591256337,1,P0217 - Engine Overheat
1019,2025-10-23 04:44:57.290007,106.71378029701651,4.064814149682929,54.89027120506985,2109.565788403321,86006,2,highway,0.5506375580014872,1,P0300 - Multiple Misfires
1097,2025-10-24 12:37:57.290007,85.77061731869132,3.955061138938965,47.33833400888209,2597.256180205707,133674,1,highway,0.5283199224436289,0,OK
1010,2025-10-24 20:32:57.290007,79.08295175769209,3.11962394578041,52.472330188434796,1792.18229423391,33164,3,city,0.43480769526786306,1,P0300 - Multiple Misfires
1068,2025-10-25 01:46:57.290007,101.2733354055907,3.030447820938667,48.407529267687906,1724.34485470367,51250,0,city,0.5140756480249673,0,OK
1049,2025-10-25 04:03:57.290007,89.12552667570196,2.099794956630891,57.305009893821634,2167.393089837461,127019,2,mixed,0.37919835005743474,1,P0300 - Multiple Misfires
1062,2025-10-25 08:25:57.290007,102.26647733696484,4.808224077825541,44.48910833618098,3493.3013696374237,35573,2,city,0.6373687283919824,1,P0300 - Multiple Misfires
1001,2025-10-25 18:39:57.290007,96.93727835945238,3.4802146847850346,66.17478561450662,2618.59171237677,103071,3,highway,0.4283111134059439,1,P0300 - Multiple Misfires
1045,2025-10-26 09:03:57.290007,105.52494523220705,3.9487805185665166,58.105362061343925,2820.795002740656,84558,2,highway,0.5230273096690264,1,P0300 - Multiple Misfires
1001,2025-10-26 09:31:57.290007,86.75701093049015,2.6379501185955063,70.58936766177189,2140.725774405568,89698,2,city,0.3287146610523792,1,P0300 - Multiple Misfires
1071,2025-10-27 01:30:57.290007,93.92365247830969,4.316871780020408,52.28763757432208,2530.699127707329,88639,1,city,0.5435717025835379,0,OK
1029,2025-10-27 11:16:57.290007,97.05165165881863,4.673726997742588,57.47901827666517,1734.6019840734457,140994,1,highway,0.5432448751676112,0,OK
1028,2025-10-27 16:16:57.290007,86.09576310131625,3.9873598031903836,66.29501215115621,1403.7103993837056,44531,3,mixed,0.42570259684114303,1,P0300 - Multiple Misfires
1063,2025-10-27 17:10:57.290007,80.6821442468152,2.784083149241467,43.910736447158094,2575.7929250009875,51546,0,city,0.4681731509370232,0,OK
1000,2025-10-27 19:17:57.290007,108.13740453967895,2.892654401234545,53.46635268882291,3346.822504231859,73207,2,mixed,0.49738274218534456,1,P0300 - Multiple Misfires
1036,2025-10-27 22:32:57.290007,89.8725724927072,2.685036015434557,59.53024703773897,3365.444503483969,95710,0,mixed,0.40142444090533447,0,OK
1061,2025-10-28 11:33:57.290007,80.73815933688282,4.503498453552865,54.53913629027596,1754.1221516803182,6881,1,mixed,0.5048051550760783,0,OK
1087,2025-10-28 12:34:57.290007,106.03163443649306,5.138940827344189,56.376970978683545,3356.8404043901496,34432,0,city,0.6001569695166938,0,OK
1059,2025-10-29 11:01:57.290007,123.4227095357503,3.280259696597123,60.65453943450987,2555.1131488317737,104319,0,mixed,0.5214411794407584,1,P0217 - Engine Overheat
1001,2025-10-30 09:53:57.290007,93.27385074905644,2.5768673895421514,66.10115445646126,1598.3949800187252,139164,1,city,0.3683580267416026,0,OK
1086,2025-10-30 19:05:57.290007,96.1301533001649,4.940073516533454,59.659584997238646,2137.6443567733804,59383,0,mixed,0.5433679267676575,0,OK
1059,2025-10-31 11:59:57.290007,102.05315582340498,3.2415992797928315,62.312175673745635,1942.125367039405,103300,3,highway,0.4507244168660287,1,P0300 - Multiple Misfires
1061,2025-10-31 20:08:57.290007,70.68005444307991,3.610821095133803,56.672553840942925,2098.106260766992,134593,0,city,0.4154204685107503,0,OK
1074,2025-11-01 13:30:57.290007,78.37553761196321,2.5129182297119774,55.47642374650892,2179.6626058017027,91567,1,city,0.3824473742032914,0,OK
1062,2025-11-01 17:38:57.290007,110.06238181343903,2.905394166160495,54.40698314855965,2112.8520600814836,132251,2,mixed,0.49821194122091567,1,P0217 - Engine Overheat
1079,2025-11-01 20:16:57.290007,105.63737836419511,3.843844823124299,68.07307994791094,3058.5749789166985,48169,3,highway,0.46213365258572003,1,P0300 - Multiple Misfires
1097,2025-11-02 02:42:57.290007,83.74664199356107,5.734478901349309,56.38673138970844,3386.214297151343,46347,0,mixed,0.5712854367809177,1,P0335 - Excessive Vibration
1058,2025-11-02 20:02:57.290007,89.47645466967384,3.244118642329468,61.49791824751376,1860.5333409436637,80504,0,mixed,0.4204527528367658,0,OK
1094,2025-11-02 20:14:57.290007,86.43660133111084,3.74527783777843,70.71756038375126,651.7965347730167,55113,0,city,0.38863065921993584,0,OK
1018,2025-11-03 06:44:57.290007,79.47729632999241,2.9717210265980203,48.58570277832799,1438.3943130848434,101907,0,city,0.44927864251471344,0,OK
1058,2025-11-03 08:04:57.290007,89.78209085707707,3.5858403967265033,55.90012569270491,2247.5662810926888,31553,2,city,0.47138513168388146,1,P0300 - Multiple Misfires
1082,2025-11-03 10:36:57.290007,107.27769445624672,3.933120534677194,51.24581276196176,2272.315043111037,126688,0,city,0.5651346656274086,0,OK
1097,2025-11-03 12:50:57.290007,90.51407127140682,3.70991208964187,55.21643232551161,2802.0600240750914,146625,0,highway,0.48410957892561385,0,OK
1085,2025-11-05 13:38:57.290007,106.54639225514141,1.5751883220373335,52.835035363776505,2066.6747030547385,114767,2,city,0.4232780221342641,1,P0300 - Multiple Misfires
1043,2025-11-05 15:34:57.290007,100.80670780690268,3.4634666500813895,60.08583628925847,2544.2549261032714,117752,1,mixed,0.4719565784167043,0,OK
1095,2025-11-06 15:52:57.290007,82.29632780723503,2.357869350568653,57.44811518414317,2088.3642081513744,109428,0,city,0.37377079013978265,0,OK
1032,2025-11-08 08:59:57.290007,116.29055004965625,4.551950405828266,35.519490481817414,2457.1808123243623,10543,0,highway,0.7119182700071853,1,P0217 - Engine Overheat
1098,2025-11-09 13:33:57.290007,82.28737347429032,3.930572672094049,56.91464640317985,2293.417976768776,42419,2,highway,0.4640820391939211,1,P0300 - Multiple Misfires
1023,2025-11-09 17:53:57.290007,106.40645609514132,4.897079500733316,54.78168048288239,2478.8516064248106,83533,0,city,0.5966241254001191,0,OK
1026,2025-11-09 23:29:57.290007,96.70461133189531,2.4251009426908796,51.23672885974863,2774.6516473539314,141319,2,highway,0.45203659018393233,1,P0300 - Multiple Misfires
1018,2025-11-10 06:32:57.290007,98.01885301798784,4.295071616805784,63.27170605199218,2589.2051153403922,59460,1,mixed,0.4927135368058866,0,OK
1091,2025-11-10 12:00:57.290007,90.08653706026155,4.045121747588932,50.3605037126966,2242.4662598595446,80426,0,city,0.5285221238517972,0,OK
1084,2025-11-10 16:33:57.290007,91.4058903419335,2.4046983849301427,55.81085369237241,2322.054130211588,43084,3,mixed,0.41077264071053204,1,P0300 - Multiple Misfires
1052,2025-11-11 11:30:57.290007,82.30040474049048,2.9207447671571534,39.67066256267297,2981.414024171273,21428,2,highway,0.5038165971063545,1,P0524 - Low Oil Pressure
1015,2025-11-11 13:38:57.290007,71.58657830181372,2.604001193185498,46.32951320010531,2719.935336933385,12135,3,highway,0.41946548823698065,1,P0300 - Multiple Misfires
1069,2025-11-11 15:32:57.290007,86.70943505256548,2.919971997511561,62.86521768735887,2209.2182601390828,121547,3,highway,0.38716233230021935,1,P0300 - Multiple Misfires
1089,2025-11-11 21:21:57.290007,89.5014017683931,3.594999883497037,50.5318820632489,3338.77184469645,20960,2,highway,0.5009378758662112,1,P0300 - Multiple Misfires
1035,2025-11-12 19:18:57.290007,108.31112242667508,2.2711995814478625,63.28466630098378,2440.7945445487,44169,3,city,0.408793837371291,1,P0300 - Multiple Misfires
1023,2025-11-12 19:38:57.290007,72.293789014116,5.55685222073102,48.90683275089572,2781.8457278524284,93302,3,highway,0.5711587997970694,1,P0335 - Excessive Vibration
1050,2025-11-13 03:31:57.290007,132.1285881874514,2.682574823978838,56.51702498644362,3230.6834629082327,93209,0,city,0.5354056519281692,1,P0217 - Engine Overheat
1028,2025-11-13 09:12:57.290007,78.98235394137228,4.5633748495709305,50.64902507376547,3252.312805973189,10695,0,highway,0.5248661132923887,0,OK
1047,2025-11-13 11:32:57.290007,88.80492780875447,1.825555736172304,53.55391608163552,1173.7042230467298,12452,0,mixed,0.3839116954692487,0,OK
1046,2025-11-14 08:51:57.290007,99.50301506742463,3.1611403299006406,74.50215670447784,2874.6418213656657,77920,1,highway,0.3714486340457827,0,OK
1008,2025-11-14 14:30:57.290007,106.32156610238441,1.98386417989678,47.484753729595866,1628.199511990231,71253,2,highway,0.47508150622535633,1,P0300 - Multiple Misfires
1016,2025-11-14 18:18:57.290007,105.94849536755444,4.41974761432799,36.337297595806014,3229.0703384711633,31270,2,highway,0.6713023679513951,1,P0524 - Low Oil Pressure
1057,2025-11-14 19:55:57.290007,84.43445642213113,3.1533668165091777,45.94869110989113,2912.285137385441,7035,2,city,0.4877900292570345,1,P0300 - Multiple Misfires
1012,2025-11-14 22:57:57.290007,77.45556834197737,3.7127448384597397,48.71456322710403,1541.2663464198754,52947,2,city,0.48411482960267804,1,P0300 - Multiple Misfires
1030,2025-11-15 05:08:57.290007,103.79570215113777,3.2284755245086174,60.16492379335789,1798.132790376013,117025,0,mixed,0.4667649029294287,0,OK
1088,2025-11-15 23:49:57.290007,93.79012411777751,3.0838059972698595,49.43624614942709,1861.0237525006178,70333,0,highway,0.49053819934533466,0,OK
1086,2025-11-16 16:25:57.290007,78.12458445700062,4.553057433015379,59.1152074925635,1868.9401750997158,80209,3,city,0.4748758837005033,1,P0300 - Multiple Misfires
1095,2025-11-17 02:03:57.290007,85.57576228985536,2.9876703255776964,68.96013143990231,2673.0084368292573,113297,2,mixed,0.353913627560013,1,P0300 - Multiple Misfires
1061,2025-11-17 02:35:57.290007,96.44707920668853,2.8107709297831436,51.81976143235632,2793.362347724056,61635,0,mixed,0.4695082637156632,0,OK
1024,2025-11-17 03:52:57.290007,104.75833288223477,4.830617035509589,56.76305266230427,2545.2944944447404,112049,2,mixed,0.5773460229661611,1,P0300 - Multiple Misfires
1006,2025-11-17 07:49:57.290007,86.33382430487633,3.6933957831617406,57.4512788398817,2908.2709913877848,114975,3,city,0.45916439524541036,1,P0300 - Multiple Misfires
1088,2025-11-18 13:02:57.290007,84.69393472456287,3.9703223105282897,51.05800357776038,2932.2186132797437,87666,1,city,0.5055121493877998,0,OK
1001,2025-11-18 17:36:57.290007,89.28439230837407,4.193855763007922,52.70886501202579,3026.5146532745193,14343,3,mixed,0.5215104931791137,1,P0300 - Multiple Misfires
1007,2025-11-19 12:00:57.290007,100.05631481658801,2.6684980570439034,66.75839141021831,1975.7303972206325,44346,1,highway,0.388637480936193,0,OK
1087,2025-11-19 14:37:57.290007,114.00804326676435,3.763894430454019,45.987625501729624,1710.5070694561214,107266,1,mixed,0.6036407802010708,1,P0217 - Engine Overheat
1018,2025-11-19 16:51:57.290007,113.11594950075249,2.3613320615290867,51.6196711167597,2480.6837052377477,112445,1,city,0.49195346804948564,1,P0217 - Engine Overheat
1068,2025-11-20 02:44:57.290007,98.33994873464258,2.731313685929958,53.90116660875085,1400.8291997205288,136004,1,highway,0.45878858121038896,0,OK
1051,2025-11-20 16:06:57.290007,105.81769555937343,3.242459779938251,56.32527154854826,2286.362915551672,43346,2,highway,0.4944898557251165,1,P0300 - Multiple Misfires
1074,2025-11-20 22:58:57.290007,95.29822805893573,4.275445470763093,58.93180050945553,2188.766635372838,75409,1,city,0.5081764901535738,0,OK
1088,2025-11-22 01:01:57.290007,75.66986653325904,4.353713045682828,53.55195089072309,2598.486555155854,39152,2,highway,0.48788951573741507,1,P0300 - Multiple Misfires
1008,2025-11-22 01:21:57.290007,66.97312731000046,0.9981971386121367,45.626641135461675,2375.5464900920274,45130,1,mixed,0.321343855031444,0,OK
1092,2025-11-22 03:42:57.290007,100.10394872571914,6.587155150198406,52.86195108461579,2155.5136971510824,77684,2,highway,0.6836754154457102,1,P0335 - Excessive Vibration
1052,2025-11-22 05:28:57.290007,97.75945337410654,3.3934052390853484,59.781221170826,1773.9990941697984,75411,3,highway,0.46129198837267077,1,P0300 - Multiple Misfires
1027,2025-11-22 12:31:57.290007,107.76278863263222,3.4058973515404833,44.53940492887199,2846.325974708783,95895,2,highway,0.5744497939047165,1,P0300 - Multiple Misfires
1066,2025-11-22 21:08:57.290007,90.32698547008354,5.535678319038756,65.91839047793867,1725.882527451603,149738,3,city,0.525566030263837,1,P0335 - Excessive Vibration
1023,2025-11-23 10:42:57.290007,89.07475306701801,3.464004588022758,69.96530700953974,2013.8815813773654,48298,0,city,0.38451175224553796,0,OK
1099,2025-11-23 15:04:57.290007,105.61671706104964,2.8073384421698973,50.30001748022605,2420.4791889069465,64550,3,highway,0.5032318081777652,1,P0300 - Multiple Misfires
1003,2025-11-23 16:13:57.290007,89.96120360265053,2.92091969152057,53.64292704723876,2638.6832710502827,19719,2,mixed,0.4474826203849567,1,P0300 - Multiple Misfires
1047,2025-11-24 00:40:57.290007,106.77282384409644,2.2949964789009725,64.98316766486336,2537.826610081378,123843,3,city,0.39640671692330326,1,P0300 - Multiple Misfires
1038,2025-11-24 04:37:57.290007,107.31385137676239,2.8234948785508642,66.44277279078342,1798.0921014463202,52014,2,highway,0.41916167601725784,1,P0300 - Multiple Misfires
1061,2025-11-25 01:04:57.290007,99.73790893289242,4.013495476921015,59.372181047776316,2432.446091908183,74518,3,city,0.503509601043778,1,P0300 - Multiple Misfires
1091,2025-11-25 10:57:57.290007,97.35401054694474,2.379577340088383,74.37924431031952,2725.9779984493744,111511,3,city,0.3227418575779815,1,P0300 - Multiple Misfires
1001,2025-11-25 12:11:57.290007,112.71023936584741,4.6263668609956055,60.42355027962139,2459.0776902445214,48618,0,city,0.5677513222958798,1,P0217 - Engine Overheat
1035,2025-11-26 02:16:57.290007,91.69127297039209,2.316985006667875,46.05864058390405,2789.4720840359623,90886,3,mixed,0.46087136648872634,1,P0300 - Multiple Misfires
1067,2025-11-26 22:45:57.290007,85.65183388359569,2.331455685343392,51.889369173531406,1831.7720052956824,51121,3,city,0.4125061367872242,1,P0300 - Multiple Misfires
1061,2025-11-27 22:14:57.290007,96.55168370199608,3.7859849407224595,50.95474912050047,3390.927761515344,121477,2,highway,0.5287830118762343,1,P0300 - Multiple Misfires
1022,2025-11-27 22:21:57.290007,95.76627561600971,4.444490972391197,51.22512324453229,2639.38999727435,18704,1,mixed,0.5616829127076919,0,OK
1016,2025-11-27 23:34:57.290007,80.10417201886702,4.925936581479116,58.17304003679484,3091.21884168571,6893,0,city,0.5063245099301658,0,OK
1077,2025-11-28 07:06:57.290007,78.64352409738655,4.234893503474339,54.75862666696692,3375.2804051733883,131278,1,city,0.4828448356470541,0,OK
1098,2025-11-30 04:28:57.290007,88.39127571093636,3.6321367213359808,52.804479783127846,2217.354152197313,63741,3,highway,0.48729180714277853,1,P0300 - Multiple Misfires
1002,2025-11-30 06:57:57.290007,89.12360630566027,3.9550927369096454,63.55686609726385,3741.7797725089445,112205,3,city,0.4475325801370152,1,P0300 - Multiple Misfires
1021,2025-11-30 07:02:57.290007,97.52681573154302,4.326994389117318,49.386339215001,3356.9132092189243,79960,2,city,0.570261180788576,1,P0300 - Multiple Misfires
1041,2025-11-30 19:07:57.290007,92.73102237005752,4.609054047931586,53.699790974960806,2572.037903450275,16984,3,highway,0.5486458927187989,1,P0300 - Multiple Misfires
1053,2025-12-01 01:43:57.290007,98.5766265212861,4.659015244897157,37.074609708642015,2504.3766898114245,119456,2,highway,0.6600214222276256,1,P0524 - Low Oil Pressure
1023,2025-12-01 14:01:57.290007,80.14204670233319,3.015032962501029,56.15675602637187,2409.929639345468,69892,3,city,0.4114699830544723,1,P0300 - Multiple Misfires
1089,2025-12-01 17:56:57.290007,107.5488215904841,5.75288688221975,47.549859362269885,1649.1516765094639,82986,2,mixed,0.6875190014176091,1,P0335 - Excessive Vibration
1089,2025-12-02 00:04:57.290007,104.62965058783627,1.29596242474876,63.98291162987046,2609.9340720688424,115966,2,city,0.34050854395297375,1,P0300 - Multiple Misfires
1000,2025-12-02 23:31:57.290007,80.64683321810745,3.849172540311857,65.87529135969119,1961.0744582282055,84878,1,highway,0.4052213925137839,0,OK
1026,2025-12-03 05:15:57.290007,102.8902352899505,3.9516327016495962,53.358814168017055,3917.7387032776933,74517,1,highway,0.5422368360747453,0,OK
1024,2025-12-04 12:08:57.290007,90.39161386543832,3.918187078467749,58.914047335995555,2284.620579582551,115674,2,highway,0.4747979465633394,1,P0300 - Multiple Misfires
1069,2025-12-05 11:15:57.290007,86.59581431050455,2.723518191940357,62.03341041147541,2665.0655979532385,8121,2,mixed,0.3805537703510024,1,P0300 - Multiple Misfires
1058,2025-12-05 13:45:57.290007,97.96997356204653,2.9048982058452806,62.070889627624595,2782.4231865526763,135035,2,mixed,0.42201710673250825,1,P0300 - Multiple Misfires
1095,2025-12-06 01:53:57.290007,106.69114666554569,3.881839060840984,53.103384072915375,2446.193051834936,89577,1,city,0.5503365548237072,0,OK
1083,2025-12-06 09:27:57.290007,75.43191959101682,2.577487269622918,48.90649435013121,2421.0760019566424,44553,2,city,0.4143574341200354,1,P0300 - Multiple Misfires
1021,2025-12-06 15:36:57.290007,109.06687096110072,2.6249745923437553,41.09455622130765,2197.4830284900836,54223,1,highway,0.5538256954593348,0,OK
1021,2025-12-07 22:00:57.290007,97.96431972326135,4.128306925471167,48.861703278198405,3354.3020067389034,41386,0,city,0.5633529213230218,0,OK
1013,2025-12-08 05:06:57.290007,98.21860169933235,3.4334714824479673,52.25271120329626,2871.9240161903517,8558,0,city,0.5066183581713867,0,OK
1074,2025-12-08 06:23:57.290007,88.60275290162583,3.86354594068736,73.22666423329306,1483.4577037144043,122018,0,city,0.3872787312466303,0,OK
1023,2025-12-08 12:50:57.290007,85.05286302960894,4.357091996987022,46.54023046243352,2403.9062620805375,27927,1,city,0.5530951167902288,0,OK
1035,2025-12-08 13:31:57.290007,80.90612141008233,2.058867380143397,46.52549903105806,2164.1272864800562,38065,3,highway,0.4139790859745393,1,P0300 - Multiple Misfires
1043,2025-12-09 06:26:57.290007,101.58235830241729,2.090306230466533,56.31795029971508,3532.401539336649,62823,1,mixed,0.4187571730897716,0,OK
1056,2025-12-09 09:41:57.290007,98.74495302583603,2.8720834774019175,63.98591459859056,1704.1473317387201,52365,0,highway,0.41170775937970344,0,OK
1071,2025-12-09 22:40:57.290007,78.22978120587352,4.236757755441088,65.88968092256894,3233.973220132694,30095,3,highway,0.4199599290821039,1,P0300 - Multiple Misfires
1074,2025-12-10 06:36:57.290007,81.71216583984426,4.986747135799774,52.26489811062972,1298.2953213405012,80886,3,city,0.5469925342627231,1,P0300 - Multiple Misfires
1031,2025-12-11 16:15:57.290007,80.6667229039316,3.0862908323253815,55.916972073599915,1706.0784090973625,53924,1,mixed,0.41821832056455394,0,OK
1050,2025-12-11 19:57:57.290007,94.0177912221433,3.5655938456831784,53.608906867286656,2089.34799297284,49036,3,mixed,0.49475515111453766,1,P0300 - Multiple Misfires
1052,2025-12-12 05:13:57.290007,105.56355499103898,4.297802673049416,59.66870775978617,2120.0700409595665,107421,2,highway,0.5338394248123749,1,P0300 - Multiple Misfires
1037,2025-12-12 18:56:57.290007,124.61662618675793,4.503213199739024,40.404472906588296,1567.089173895476,149933,2,highway,0.7051998454676718,1,P0217 - Engine Overheat
1039,2025-12-12 20:17:57.290007,91.15070200512466,2.717730979673672,58.062898332971585,1781.8835880612355,6466,2,highway,0.41494312481293033,1,P0300 - Multiple Misfires
1063,2025-12-12 23:09:57.290007,101.26544428706096,3.5058523367253764,61.545497088847256,2730.591994542788,144920,1,city,0.4674763801218722,0,OK
1052,2025-12-13 05:11:57.290007,103.0827817182404,2.470365317672124,55.30981616295689,1723.7415288918246,86422,2,city,0.44964015484935865,1,P0300 - Multiple Misfires
1010,2025-12-13 10:29:57.290007,106.58489569322457,5.209161232978212,37.339490197677875,2412.327227332629,103064,2,highway,0.7113587221039807,1,P0335 - Excessive Vibration
1024,2025-12-13 16:12:57.290007,96.83261479063795,2.177900680055142,55.535854462549864,1849.9092949556912,100961,3,highway,0.4147747762962252,1,P0300 - Multiple Misfires
1026,2025-12-13 17:15:57.290007,110.14184495520931,3.264584378086778,54.35558486544622,2645.199170023301,17205,3,city,0.5186732299612568,1,P0217 - Engine Overheat
1047,2025-12-14 10:26:57.290007,104.4717873422552,2.9933894933003824,40.604288548196884,2989.8705797859284,89149,2,city,0.5642527780885253,1,P0300 - Multiple Misfires
1053,2025-12-14 11:08:57.290007,104.5282048824936,2.049026737558912,46.46623112939027,2691.2787147880454,86845,2,highway,0.4793785482635869,1,P0300 - Multiple Misfires
1002,2025-12-15 08:25:57.290007,72.58159520053826,4.155610398252891,60.968807894954594,3375.259115495268,125617,1,mixed,0.42710052048801916,0,OK
1036,2025-12-15 11:16:57.290007,119.59014707221787,3.042961664137603,54.262126362933756,2219.378333927458,99837,0,mixed,0.5331253545252845,1,P0217 - Engine Overheat
1098,2025-12-15 15:30:57.290007,89.00843312513604,1.9667253962908753,56.13612329804186,2513.5391879435565,138609,2,city,0.3779741512635273,1,P0300 - Multiple Misfires
1098,2025-12-15 18:42:57.290007,86.35051497276274,1.3668669649294896,56.20107707204974,1775.8249630634336,67993,3,mixed,0.3369047225757029,1,P0300 - Multiple Misfires
1060,2025-12-16 02:59:57.290007,109.20097099447024,4.599904950917883,42.25919132525113,2094.08487734143,99881,3,highway,0.6574463537842378,1,P0300 - Multiple Misfires
1043,2025-12-16 10:35:57.290007,93.32593429416114,3.3256249696346893,59.58505642153999,2347.6808107421107,141385,2,city,0.4463008912327082,1,P0300 - Multiple Misfires
1013,2025-12-16 16:45:57.290007,111.61330534022775,4.273099941538872,55.62678935170075,3055.4991228512117,143638,3,city,0.571727015187788,1,P0217 - Engine Overheat
1059,2025-12-16 18:03:57.290007,95.91939326550153,2.5565844849916206,48.357958487702476,2618.440217141049,45863,2,mixed,0.47315323886091387,1,P0300 - Multiple Misfires
1033,2025-12-16 20:55:57.290007,98.51592232942347,4.150190380730755,56.43774762478759,2611.876342798726,25435,0,city,0.524011763040176,0,OK
1066,2025-12-16 23:35:57.290007,99.09955063242937,3.428554342901219,52.70623060191008,1484.5584580777909,38040,1,city,0.5062727119073156,0,OK
1093,2025-12-16 23:58:57.290007,104.03450813136764,4.434309745921231,56.58788255470826,1461.7861887927447,45149,3,mixed,0.5542914942788216,1,P0300 - Multiple Misfires
1063,2025-12-17 10:04:57.290007,74.10821771157951,3.3319449343116347,53.133061689891726,2999.2899868668906,33835,2,highway,0.4291138694945243,1,P0300 - Multiple Misfires
1092,2025-12-17 21:17:57.290007,111.17936079111678,1.3438989686251834,61.84122692385618,2764.384418016024,135499,1,mixed,0.3732635730997446,1,P0217 - Engine Overheat
1042,2025-12-18 02:14:57.290007,106.75511541009038,0.7404026007271161,54.194094036751956,2186.7056332764328,133447,1,city,0.36993049819757995,0,OK
1081,2025-12-18 02:27:57.290007,87.10672687333174,3.6109560960680436,61.30838894653841,2278.058352415936,42034,1,mixed,0.43530297472671053,0,OK
1034,2025-12-18 08:20:57.290007,65.3774850093883,2.7906497120639333,64.12906185225,2444.567546449709,99543,3,city,0.3137009876282415,1,P0300 - Multiple Misfires
1091,2025-12-18 15:41:57.290007,97.80965056535955,4.514104931279713,35.55846298274984,1670.641202427451,104956,1,city,0.6582633978484836,1,P0524 - Low Oil Pressure
1019,2025-12-19 02:57:57.290007,104.75955891899693,5.984467368641433,61.20223517036338,2777.9489172277763,20029,1,highway,0.6167900998641634,1,P0335 - Excessive Vibration
1091,2025-12-19 03:18:57.290007,88.48881242682708,3.954971890600973,59.31824207193566,2127.323435229012,52234,0,city,0.46931046137493126,0,OK
1053,2025-12-19 15:28:57.290007,104.97953969197363,4.242082969869335,41.58473220824597,2836.2480122705724,91226,2,highway,0.6295881518690788,1,P0300 - Multiple Misfires
1032,2025-12-19 22:20:57.290007,107.02313058746233,3.6211179983372053,52.64962679887365,1776.5558601649313,67559,1,highway,0.539295102656831,0,OK
1085,2025-12-20 06:13:57.290007,99.21857550591066,5.005818287639657,52.57635569612546,2880.4488127939794,37083,0,highway,0.5949506385179246,0,OK
1038,2025-12-20 09:00:57.290007,82.7307754454508,3.436776543517041,57.94786882669597,2333.038601494259,137233,3,city,0.4321404685066658,1,P0300 - Multiple Misfires
1096,2025-12-21 04:01:57.290007,79.02524248743116,3.3138776522478306,60.410480479980635,2631.3960002815425,81623,0,mixed,0.4013384293678514,0,OK
1075,2025-12-21 16:34:57.290007,106.18131316890447,2.60381053768334,39.413221924581826,2959.3740510397674,46486,0,city,0.5539752224261323,1,P0524 - Low Oil Pressure
1096,2025-12-22 03:48:57.290007,123.36360132410462,4.862673862367058,51.85112450121125,3162.642989804557,68014,3,city,0.6580967488028424,1,P0217 - Engine Overheat
1065,2025-12-22 07:44:57.290007,121.95354759123214,3.177860424809936,56.53328713387826,2753.9690907329655,55705,1,highway,0.5345671717213176,1,P0217 - Engine Overheat
1072,2025-12-22 12:24:57.290007,96.96288002706386,3.281379288841269,59.31182380560879,2516.023904295274,8748,0,mixed,0.45546338386853247,0,OK
1050,2025-12-23 01:21:57.290007,88.90784261041206,2.6228147993782995,58.33169155804912,2818.3878233474393,82154,1,mixed,0.40194654300522165,0,OK
1087,2025-12-23 09:54:57.290007,90.26693783505775,3.197533161792649,57.38315933182952,2627.5685230935896,138195,1,city,0.44292022890903243,0,OK
1005,2025-12-23 14:22:57.290007,86.0805199644204,3.957229874827689,52.1170028273568,3511.5388372650295,125562,3,highway,0.5027530883507239,1,P0300 - Multiple Misfires
1019,2025-12-23 18:30:57.290007,104.7144712640709,1.8739889082234469,49.776336069937514,2696.1921391836527,105766,1,city,0.45178215913518,0,OK
1061,2025-12-24 07:46:57.290007,116.74030467342831,4.386330196061589,57.97734945177676,2616.4075054157975,33807,2,highway,0.579200582475296,1,P0217 - Engine Overheat
1061,2025-12-24 12:48:57.290007,88.36846406112558,5.533305298603464,59.71777674193106,3274.2471753219406,32877,2,highway,0.5544417126370353,1,P0335 - Excessive Vibration
1059,2025-12-24 12:50:57.290007,65.81943714485422,3.6708318984132973,66.39569610506108,1083.4510538726806,98715,0,city,0.35123523028610554,0,OK
1040,2025-12-24 17:36:57.290007,112.71375332864079,4.3414927044708564,53.53678674307825,2636.332556886347,115168,3,highway,0.5901945386997262,1,P0217 - Engine Overheat
1017,2025-12-24 17:58:57.290007,111.43329171708925,3.5279514552444597,69.9739825495514,3319.139949926727,128664,3,city,0.4501232103413213,1,P0217 - Engine Overheat
1065,2025-12-24 18:30:57.290007,94.87860906237306,3.6257511725354203,63.06122794080317,1539.320794890188,84788,2,highway,0.4479754906429865,1,P0300 - Multiple Misfires
1066,2025-12-25 02:39:57.290007,80.67683707614805,3.056381695482947,49.2152981629131,2677.5996820919327,132775,2,mixed,0.45381631849994664,1,P0300 - Multiple Misfires
1002,2025-12-25 04:11:57.290007,104.55450570143026,4.003818418440181,55.528764477246185,2166.5026097484197,58311,2,highway,0.5377037364326153,1,P0300 - Multiple Misfires
1029,2025-12-25 13:31:57.290007,54.33886300812328,4.826968531056676,63.088611660408624,1873.8044432936688,116462,1,highway,0.4019472508567765,0,OK
1007,2025-12-25 13:32:57.290007,93.06549837716157,5.129323336618026,49.4670594414488,1739.3158272134565,77055,1,mixed,0.6019940172961792,0,OK
1018,2025-12-25 20:23:57.290007,102.75101390952574,4.547942061752142,43.54785601821349,2485.255347372207,112615,2,highway,0.629483730855949,1,P0300 - Multiple Misfires
1075,2025-12-25 21:04:57.290007,92.53694444463096,4.171747291077291,46.727190484344554,3500.35359131627,66602,1,mixed,0.5625486369374658,0,OK
1051,2025-12-26 04:59:57.290007,113.97145153883842,4.893159969089782,65.48307761735977,3220.3636837692493,133180,3,city,0.5579680435719848,1,P0217 - Engine Overheat
1088,2025-12-26 08:42:57.290007,98.90160378358125,3.777062750437512,54.099009365897714,2298.5092945540077,37766,0,city,0.5173467779459334,0,OK
1053,2025-12-26 15:07:57.290007,82.28729443436067,3.3012609639833768,31.787810538451367,1204.0687059536313,8969,1,highway,0.5687135906586819,1,P0524 - Low Oil Pressure
1090,2025-12-27 05:36:57.290007,80.37232972956649,4.565860998761638,54.658369642213735,1155.7522876880776,83537,2,city,0.5065911400565882,1,P0300 - Multiple Misfires
1069,2025-12-27 06:29:57.290007,101.83752574284523,3.1227217941163112,60.260195307880885,2219.7709556881373,112325,2,city,0.4549210305816936,1,P0300 - Multiple Misfires
1047,2025-12-27 08:55:57.290007,84.5125958541029,4.6602219035852395,48.53445131959663,1949.5168169473554,57999,2,city,0.5573559202405957,1,P0300 - Multiple Misfires
1095,2025-12-27 10:11:57.290007,103.8769992785391,3.7822076428899347,49.15140931959151,2753.7657280152166,74855,0,highway,0.5589398152698745,0,OK
1015,2025-12-28 22:30:57.290007,103.95424888777283,4.385458958900338,55.02148272603823,2591.6407401573483,88886,2,highway,0.5600568405936198,1,P0300 - Multiple Misfires
1071,2025-12-29 00:24:57.290007,115.60118576377263,2.7821766139482778,55.90775229372381,2822.720879461506,58218,1,highway,0.49841448182025155,1,P0217 - Engine Overheat
1089,2025-12-29 01:42:57.290007,100.49051163437696,3.1963832946922417,52.81043123014093,3024.5456101836676,91486,0,highway,0.4966592085220554,0,OK
1048,2025-12-29 11:14:57.290007,112.98277806638096,2.319217937349661,67.45678832499365,2094.16190688892,127650,1,highway,0.4012598893427413,1,P0217 - Engine Overheat
1062,2025-12-29 18:09:57.290007,84.824241468136,5.4678989429281355,52.02501471315675,1643.8114251938441,142900,1,highway,0.5837005302788477,1,P0335 - Excessive Vibration
1017,2025-12-30 12:31:57.290007,93.29553767870736,3.153915582827592,60.036753091151795,1755.8788289548165,149771,3,city,0.4341676198693211,1,P0300 - Multiple Misfires
1001,2025-12-31 02:14:57.290007,84.7127069630993,2.186334691027684,64.95750437092077,2528.7404420241087,25323,3,highway,0.3292344223383651,1,P0300 - Multiple Misfires
1062,2025-12-31 14:37:57.290007,79.19653311083769,3.9364251294930788,48.62285820474746,2833.791757871533,28382,2,city,0.5018869980311232,1,P0300 - Multiple Misfires
1057,2025-12-31 22:31:57.290007,95.35735115881549,3.138354722314343,43.74300803952298,1871.8678855066037,143202,3,city,0.5295511931279344,1,P0300 - Multiple Misfires
1093,2026-01-01 05:49:57.290007,88.86259333339723,3.663061067429416,63.43733263015011,3011.1439819116245,99634,2,highway,0.43124763728245924,1,P0300 - Multiple Misfires
1088,2026-01-01 13:19:57.290007,81.25787091157542,3.63808715313363,52.79591767625279,3031.1879725255994,6657,3,highway,0.4678549406159512,1,P0300 - Multiple Misfires
1002,2026-01-01 17:28:57.290007,80.39234172964385,2.172063486231548,59.28113148364257,2211.356393067842,66692,2,mixed,0.3479759680194157,1,P0300 - Multiple Misfires
1037,2026-01-01 18:48:57.290007,92.93681971562576,4.721997120973502,53.50909544098412,2977.9469924319264,64993,3,highway,0.5565515868142433,1,P0300 - Multiple Misfires
1014,2026-01-02 07:58:57.290007,75.48538742493513,3.260703223200581,56.23453701309025,2343.8325544299314,63219,3,city,0.4117510496187951,1,P0300 - Multiple Misfires
1002,2026-01-02 09:59:57.290007,98.2805161753312,2.0500598204837477,41.00623965591832,2097.30210943702,94904,1,highway,0.4924145368699153,0,OK
1036,2026-01-02 14:10:57.290007,76.3279192067158,3.304702304417906,60.64292168182761,2303.5575352128817,78034,2,city,0.3920447831428297,1,P0300 - Multiple Misfires
1054,2026-01-02 14:27:57.290007,90.62639284975725,5.225907770352374,46.94789365832336,2246.0694116682757,96404,3,city,0.6145798915004389,1,P0335 - Excessive Vibration
1066,2026-01-03 04:21:57.290007,97.02948860118909,2.99516943515505,54.128191261637205,2837.9468957297245,15068,2,city,0.46854581883615465,1,P0300 - Multiple Misfires
1057,2026-01-03 06:19:57.290007,120.87061890589355,3.8939119732361522,59.19016887866315,2247.0948971675884,47222,2,city,0.5565792239258064,1,P0217 - Engine Overheat
1096,2026-01-04 03:43:57.290007,98.33727222910353,3.198115494809448,58.21460683227201,642.6291811793415,99283,0,highway,0.4607510235020791,0,OK
1092,2026-01-04 04:56:57.290007,98.49739907854168,3.0667401165124564,56.136446492752,2471.9704080952456,140150,3,city,0.4654425233980189,1,P0300 - Multiple Misfires
1053,2026-01-04 13:57:57.290007,97.76769092317238,3.59990554390241,48.350640913562685,2204.4532123798836,62530,3,mixed,0.5362903332613755,1,P0300 - Multiple Misfires
1004,2026-01-04 14:30:57.290007,92.137598637888,5.6103543678203955,61.82709154663266,2313.318950820124,81441,2,city,0.5574736191695294,1,P0335 - Excessive Vibration
1031,2026-01-04 15:04:57.290007,88.18693924190967,3.1223491386654434,58.5313719959274,2516.5217172937473,88829,2,city,0.4265866056204548,1,P0300 - Multiple Misfires
1051,2026-01-05 15:57:57.290007,98.9517894218213,5.082496363580202,58.70754457888655,2506.6673537579286,131244,0,city,0.5644072987101452,0,OK
1018,2026-01-06 08:59:57.290007,85.96042130793731,5.796443076805188,44.6801105933983,1802.1949906957175,20216,0,mixed,0.6459140601590124,1,P0335 - Excessive Vibration
1006,2026-01-06 12:02:57.290007,65.53849969133256,3.064795671383033,70.93002081314818,1379.874154489406,54877,0,city,0.2915954763686024,0,OK
1032,2026-01-06 13:16:57.290007,88.55913751710189,3.709818128710042,45.18814328153208,2647.340723914027,63819,3,highway,0.5343867042451071,1,P0300 - Multiple Misfires
1093,2026-01-07 05:42:57.290007,78.71293723007864,4.901565737515327,62.95985335033883,2519.5783859952385,95417,1,highway,0.47451262577696535,0,OK
1007,2026-01-07 21:04:57.290007,110.80332275879074,4.217990309916171,72.92907655216584,2949.2502127381645,51999,3,highway,0.4702915995910624,1,P0217 - Engine Overheat
1032,2026-01-08 12:50:57.290007,90.66337079381795,4.310703655349994,51.8067856571971,1998.1609005069638,56033,3,highway,0.5368440905178434,1,P0300 - Multiple Misfires
1035,2026-01-09 14:30:57.290007,88.76175930141495,4.294383417979177,52.4675331818999,1881.6812604761744,80910,0,city,0.526984336936663,0,OK
1059,2026-01-10 13:08:57.290007,99.56430236460699,1.1504716930081345,44.22590072988989,2583.0640399444374,38377,3,city,0.4281164854583053,1,P0300 - Multiple Misfires
1006,2026-01-10 19:53:57.290007,93.83230173473568,4.760207406078838,60.58098696585951,2455.714574383021,55733,1,highway,0.5218735442349818,0,OK
1089,2026-01-10 20:28:57.290007,95.34316132062013,2.62094911482411,48.260796139705626,3016.616756100887,58822,2,highway,0.4756681981602529,1,P0300 - Multiple Misfires
1098,2026-01-11 08:59:57.290007,97.20525361547651,2.525963776882123,72.01148471178567,3378.400666342539,118710,1,highway,0.3436154436931879,0,OK
1046,2026-01-11 17:17:57.290007,101.15412335695252,4.570895231339615,47.992803378271134,2763.531328774362,14726,0,city,0.6016289478533404,0,OK
1068,2026-01-11 23:22:57.290007,88.43011571601427,4.069359446172438,53.54579779293653,2900.5370439597295,68928,2,mixed,0.5075714140377499,1,P0300 - Multiple Misfires
1037,2026-01-12 14:30:57.290007,76.56257911411726,3.0076489878604393,60.70448944741283,3505.5908237300055,125544,2,city,0.37585161104583437,1,P0300 - Multiple Misfires
1034,2026-01-14 00:28:57.290007,84.34147093463302,5.179791685083958,35.59828577701919,2265.099898171651,27908,3,mixed,0.6576131474507606,1,P0524 - Low Oil Pressure
1053,2026-01-14 01:59:57.290007,114.91937123270345,4.4092161664531275,37.682285997516715,2182.9440670078097,105260,0,city,0.688164229352035,1,P0217 - Engine Overheat
1020,2026-01-14 04:04:57.290007,88.44487794762924,4.318630661779898,58.88902152069853,2269.946990108297,91803,1,city,0.4917762448384171,0,OK
1098,2026-01-14 13:07:57.290007,97.52684040750158,2.1153533793053967,81.08392864553139,2150.308886483131,140909,3,city,0.27129458528485206,1,P0300 - Multiple Misfires
1008,2026-01-15 00:18:57.290007,104.0894689918045,4.382215782466808,50.56102629783394,2829.5714506103404,17306,0,city,0.5850325890152022,0,OK
1022,2026-01-15 04:07:57.290007,98.60230595120234,3.6892878942355556,55.68225054372591,1170.52566812784,33931,2,highway,0.5028432298568379,1,P0300 - Multiple Misfires
1094,2026-01-17 14:23:57.290007,115.99089946452233,1.7327026468894238,57.28551840213759,2534.909289627383,108533,0,city,0.43353865443898787,1,P0217 - Engine Overheat
1041,2026-01-17 14:26:57.290007,115.78658302982777,5.292155910760632,49.74471519602021,3119.301178026814,7462,1,city,0.6726118634805555,1,P0217 - Engine Overheat
1002,2026-01-18 01:04:57.290007,98.34836510555047,3.8798678507090814,70.85263331852153,2836.2994466388172,51806,2,mixed,0.4284457096741363,1,P0300 - Multiple Misfires
1061,2026-01-19 12:53:57.290007,66.00257881745011,2.638079621984177,54.76452215272407,1349.1780260592861,127778,1,city,0.35898646375468196,0,OK
1027,2026-01-19 13:30:57.290007,89.22864647290291,4.051319724761043,59.72817245247901,1950.7918790969163,64807,2,city,0.4744408223976826,1,P0300 - Multiple Misfires
1080,2026-01-19 18:29:57.290007,67.67704762280471,3.1219138990166657,48.45531160311598,2079.4121986342952,129954,0,city,0.42556861776918353,0,OK
1001,2026-01-19 19:20:57.290007,122.00545721379524,2.2875229753520903,53.257811340864905,2359.8704769257174,84507,2,mixed,0.5034452612197423,1,P0217 - Engine Overheat
1087,2026-01-19 22:15:57.290007,113.28421039328725,4.284033180465103,58.248681576129876,3072.442466889991,52111,3,highway,0.5624097523620265,1,P0217 - Engine Overheat
1092,2026-01-20 11:19:57.290007,101.46958523819366,2.333991110924775,60.10317390533463,2124.193878906424,95909,0,mixed,0.41095294346116634,0,OK
1058,2026-01-21 08:04:57.290007,107.51130602763784,3.14289763019226,55.7374360770919,2187.5630718797465,58865,0,mixed,0.4969288513258312,0,OK
